id,line,room_type,station,rent_price
1,KT,1R,大阪上本町,4.3万円
2,KT,1R,鶴橋,3.7万円
3,KT,1R,今里,2.9万円
4,KT,1R,布施,3.4万円
5,KT,1R,俊徳道,3.0万円
6,KT,1R,長瀬,2.8万円
7,KT,1R,弥刀,2.7万円
8,KT,1R,久宝寺口,3.2万円
9,KT,1R,近鉄八尾,3.3万円
10,KT,1R,河内山本,3.3万円
11,KT,1R,高安,3.2万円
12,KT,1R,恩智,3.4万円
13,KT,1R,法善寺,3.2万円
14,KT,1R,堅下,3.1万円
15,KT,1R,安堂,2.9万円
16,KT,1R,河内国分,2.7万円
17,KT,1R,大阪教育大前,2.5万円
18,KT,1R,関屋,1.5万円
19,KT,1R,二上,3.1万円
20,KT,1R,近鉄下田,3.9万円
21,KT,1R,五位堂,3.8万円
22,KT,1R,築山,3.5万円
23,KT,1R,大和高田,3.5万円
24,KT,1R,松塚,3.1万円
25,KT,1R,真菅,3.2万円
26,KT,1R,大和八木,3.1万円
27,KT,1R,耳成,3.1万円
28,KT,1R,大福,3.5万円
29,KT,1R,桜井,3.5万円
30,KT,1R,大和朝倉,2.5万円
31,KT,1R,長谷寺,2.5万円
32,KT,1R,榛原,2.5万円
33,KT,1R,室生口大野,2.5万円
34,KT,1R,三本松,4.0万円
35,KT,1R,大阪上本町,4.3万円
36,KT,1R,鶴橋,3.7万円
37,KT,1R,今里,2.9万円
38,KT,1R,布施,3.4万円
39,KT,1R,河内永和,3.3万円
40,KT,1R,河内小阪,3.0万円
41,KT,1R,八戸ノ里,2.9万円
42,KT,1R,若江岩田,2.8万円
43,KT,1R,河内花園,2.8万円
44,KT,1R,東花園,2.9万円
45,KT,1R,瓢箪山,2.9万円
46,KT,1R,枚岡,3.0万円
47,KT,1R,額田,3.2万円
48,KT,1R,石切,3.2万円
49,KT,1R,生駒,2.8万円
50,KT,1R,東生駒,3.2万円
51,KT,1R,富雄,3.2万円
52,KT,1R,学園前,3.1万円
53,KT,1R,菖蒲池,2.9万円
54,KT,1R,大和西大寺,3.4万円
55,KT,1R,新大宮,4.1万円
56,KT,1R,近鉄奈良,3.8万円
57,KT,1R,大阪阿部野橋,4.9万円
58,KT,1R,河堀口,3.8万円
59,KT,1R,北田辺,3.7万円
60,KT,1R,今川,2.7万円
61,KT,1R,針中野,2.9万円
62,KT,1R,矢田,2.8万円
63,KT,1R,河内天美,3.5万円
64,KT,1R,布忍,3.2万円
65,KT,1R,高見ノ里,3.5万円
66,KT,1R,河内松原,3.5万円
67,KT,1R,恵我ノ荘,3.5万円
68,KT,1R,高鷲,3.5万円
69,KT,1R,藤井寺,3.3万円
70,KT,1R,土師ノ里,3.0万円
71,KT,1R,道明寺,3.0万円
72,KT,1R,古市,3.0万円
73,KT,1R,駒ケ谷,3.3万円
74,KT,1R,上ノ太子,2.5万円
75,KT,1R,二上山,2.9万円
76,KT,1R,二上神社口,2.6万円
77,KT,1R,当麻寺,3.1万円
78,KT,1R,磐城,2.5万円
79,KT,1R,尺土,2.4万円
80,KT,1R,高田市,2.6万円
81,KT,1R,浮孔,3.1万円
82,KT,1R,坊城,2.5万円
83,KT,1R,橿原神宮西口,2.5万円
84,KT,1R,橿原神宮前,2.8万円
85,JR,1R,梅田,6.4万円
86,JR,1R,福島,5.1万円
87,JR,1R,野田,4.8万円
88,JR,1R,西九条,3.8万円
89,JR,1R,弁天町,5.1万円
90,JR,1R,大正,4.5万円
91,JR,1R,芦原橋,5.9万円
92,JR,1R,今宮,5.2万円
93,JR,1R,新今宮,4.0万円
94,JR,1R,天王寺,4.5万円
95,JR,1R,寺田町,4.0万円
96,JR,1R,桃谷,3.6万円
97,JR,1R,鶴橋,3.6万円
98,JR,1R,玉造,4.2万円
99,JR,1R,森之宮,4.0万円
100,JR,1R,大阪城公園,3.6万円
101,JR,1R,京橋,4.0万円
102,JR,1R,桜ノ宮,3.7万円
103,JR,1R,天満,4.5万円
104,JR,1R,柏原,4.0万円
105,JR,1R,近江長岡,3.9万円
106,JR,1R,醒ケ井,4.0万円
107,JR,1R,米原,4.2万円
108,JR,1R,彦根,4.4万円
109,JR,1R,南彦根,4.0万円
110,JR,1R,河瀬,4.2万円
111,JR,1R,稲枝,4.1万円
112,JR,1R,能登川,4.3万円
113,JR,1R,安土,5.1万円
114,JR,1R,近江八幡,5.2万円
115,JR,1R,篠原,4.9万円
116,JR,1R,野洲,4.3万円
117,JR,1R,守山,4.1万円
118,JR,1R,栗東,4.9万円
119,JR,1R,草津,4.7万円
120,JR,1R,南草津,4.5万円
121,JR,1R,瀬田,4.5万円
122,JR,1R,石山,3.8万円
123,JR,1R,膳所,4.4万円
124,JR,1R,大津,4.0万円
125,JR,1R,山科,3.9万円
126,JR,1R,京都,4.0万円
127,JR,1R,西大路,4.7万円
128,JR,1R,桂川,4.1万円
129,JR,1R,向日町,4.2万円
130,JR,1R,長岡京,4.2万円
131,JR,1R,山崎,4.6万円
132,JR,1R,島本,5.7万円
133,JR,1R,高槻,4.5万円
134,JR,1R,摂津富田,4.4万円
135,JR,1R,JR総持寺,4.0万円
136,JR,1R,茨木,4.8万円
137,JR,1R,千里丘,4.3万円
138,JR,1R,岸辺,3.5万円
139,JR,1R,JR吹田,3.9万円
140,JR,1R,東淀川,3.8万円
141,JR,1R,新大阪,3.9万円
142,JR,1R,大阪,6.4万円
143,JR,1R,塚本,3.8万円
144,JR,1R,JR尼崎,4.4万円
145,JR,1R,立花,3.8万円
146,JR,1R,甲子園口,4.0万円
147,JR,1R,西宮,4.8万円
148,JR,1R,さくら夙川,4.5万円
149,JR,1R,芦屋,5.5万円
150,JR,1R,甲南山手,4.5万円
151,JR,1R,摂津本山,4.3万円
152,JR,1R,住吉,4.3万円
153,JR,1R,六甲道,4.2万円
154,JR,1R,摩耶,4.2万円
155,JR,1R,灘,4.1万円
156,JR,1R,三ノ宮,5.4万円
157,JR,1R,元町,4.7万円
158,JR,1R,神戸,4.3万円
159,JR,1R,京橋,4.0万円
160,JR,1R,鴫野,3.5万円
161,JR,1R,放出,3.9万円
162,JR,1R,徳庵,3.6万円
163,JR,1R,鴻池新田,3.5万円
164,JR,1R,住道,3.1万円
165,JR,1R,野崎,3.0万円
166,JR,1R,四条畷,2.9万円
167,JR,1R,忍ケ丘,2.8万円
168,JR,1R,寝屋川公園,3.2万円
169,JR,1R,星田,3.6万円
170,JR,1R,河内磐船,4.5万円
171,JR,1R,津田,3.4万円
172,JR,1R,藤阪,3.2万円
173,JR,1R,長尾,3.1万円
174,JR,1R,松井山手,3.2万円
175,JR,1R,大住,4.9万円
176,JR,1R,京田辺,4.7万円
177,JR,1R,同志社前,2.9万円
178,JR,1R,JR三山木,2.5万円
179,JR,1R,下狛,2.5万円
180,JR,1R,祝園,2.5万円
181,JR,1R,西木津,3.5万円
182,JR,1R,木津,4.5万円
183,JR,1R,西九条,3.8万円
184,JR,1R,安治川口,5.0万円
185,JR,1R,ユニバーサルシティ,4.0万円
186,JR,1R,桜島,3.5万円
187,JR,1R,JR難波,5.8万円
188,JR,1R,今宮,5.2万円
189,JR,1R,新今宮,4.0万円
190,JR,1R,天王寺,4.5万円
191,JR,1R,東部市場前,3.5万円
192,JR,1R,平野,3.0万円
193,JR,1R,加美,3.3万円
194,JR,1R,久宝寺,3.0万円
195,JR,1R,八尾,3.5万円
196,JR,1R,志紀,3.4万円
197,JR,1R,柏原,3.1万円
198,JR,1R,高井田,2.5万円
199,JR,1R,河内堅上,3.1万円
200,JR,1R,三郷,2.7万円
201,JR,1R,王寺,2.9万円
202,JR,1R,法隆寺,3.2万円
203,JR,1R,大和小泉,3.3万円
204,JR,1R,郡山,2.9万円
205,JR,1R,奈良,3.8万円
206,JR,1R,平城山,3.5万円
207,JR,1R,木津,4.5万円
208,JR,1R,加茂,4.0万円
209,JR,1R,笠置,4.0万円
210,JR,1R,大河原,4.0万円
211,JR,1R,月ケ瀬口,4.0万円
212,JR,1R,天王寺,4.5万円
213,JR,1R,美章園,3.6万円
214,JR,1R,南田辺,3.5万円
215,JR,1R,鶴ケ丘,3.5万円
216,JR,1R,JR長居,3.3万円
217,JR,1R,我孫子町,3.5万円
218,JR,1R,杉本町,3.1万円
219,JR,1R,浅香,3.8万円
220,JR,1R,堺市,3.9万円
221,JR,1R,三国ケ丘,3.8万円
222,JR,1R,百舌鳥,3.7万円
223,JR,1R,上野芝,4.2万円
224,JR,1R,津久野,3.8万円
225,JR,1R,鳳,3.6万円
226,JR,1R,東羽衣,3.6万円
227,JR,1R,富木,3.5万円
228,JR,1R,北信太,3.5万円
229,JR,1R,信太山,3.8万円
230,JR,1R,和泉府中,3.9万円
231,JR,1R,久米田,3.7万円
232,JR,1R,下松,3.5万円
233,JR,1R,東岸和田,3.5万円
234,JR,1R,東貝塚,3.5万円
235,JR,1R,和泉橋本,2.5万円
236,JR,1R,東佐野,3.7万円
237,JR,1R,熊取,2.9万円
238,JR,1R,日根野,2.9万円
239,JR,1R,長滝,3.4万円
240,JR,1R,新家,-
241,JR,1R,和泉砂川,3.0万円
242,JR,1R,和泉鳥取,4.3万円
243,JR,1R,山中渓,3.9万円
244,JR,1R,紀伊,3.3万円
245,JR,1R,六十谷,2.7万円
246,JR,1R,紀伊中ノ島,3.9万円
247,JR,1R,和歌山,3.2万円
248,JR,1R,日根野,2.9万円
249,JR,1R,りんくうタウン,3.8万円
250,JR,1R,大阪,6.4万円
251,JR,1R,JR尼崎,4.4万円
252,JR,1R,JR塚口,3.8万円
253,JR,1R,猪名寺,4.0万円
254,JR,1R,伊丹,5.0万円
255,JR,1R,北伊丹,4.5万円
256,JR,1R,川西池田,5.1万円
257,JR,1R,中山寺,4.5万円
258,JR,1R,宝塚,5.8万円
259,JR,1R,生瀬,4.8万円
260,JR,1R,西宮名塩,4.2万円
261,JR,1R,武田尾,4.0万円
262,JR,1R,道場,3.9万円
263,JR,1R,三田,4.5万円
264,JR,1R,新三田,4.9万円
265,JR,1R,広野,4.4万円
266,JR,1R,相野,5.0万円
267,JR,1R,藍本,4.0万円
268,JR,1R,草野,4.0万円
269,JR,1R,古市,4.0万円
270,JR,1R,南矢代,4.7万円
271,JR,1R,篠山口,5.1万円
272,JR,1R,丹波大山,4.7万円
273,JR,1R,下滝,4.0万円
274,JR,1R,谷川,4.0万円
275,JR,1R,柏原,3.7万円
276,JR,1R,石生,3.5万円
277,JR,1R,黒井,3.9万円
278,JR,1R,市島,4.0万円
279,JR,1R,丹波竹田,4.0万円
280,JR,1R,福知山,4.3万円
281,JR,1R,JR尼崎,4.4万円
282,JR,1R,加島,4.2万円
283,JR,1R,御幣島,3.8万円
284,JR,1R,海老江,5.0万円
285,JR,1R,新福島,5.2万円
286,JR,1R,北新地,7.4万円
287,JR,1R,大阪天満宮,5.4万円
288,JR,1R,大阪城北詰,4.4万円
289,JR,1R,京橋,4.0万円
290,JR,1R,大阪,6.4万円
291,JR,1R,新大阪,3.9万円
292,JR,1R,南吹田,6.2万円
293,JR,1R,JR淡路,3.0万円
294,JR,1R,城北公園通,3.2万円
295,JR,1R,JR野江,3.3万円
296,JR,1R,鴫野,3.5万円
297,JR,1R,放出,3.9万円
298,JR,1R,高井田中央,3.2万円
299,JR,1R,JR河内永和,3.5万円
300,JR,1R,JR俊徳道,3.0万円
301,JR,1R,JR長瀬,2.7万円
302,JR,1R,衣摺加美北,4.0万円
303,JR,1R,新加美,3.0万円
304,JR,1R,久宝寺,3.0万円
305,JR,1R,米原,4.2万円
306,JR,1R,京都,4.0万円
307,JR,1R,新大阪,3.9万円
308,Metro,1R,江坂,6.2万円
309,Metro,1R,東三国,4.0万円
310,Metro,1R,新大阪,3.9万円
311,Metro,1R,西中島南方,3.9万円
312,Metro,1R,中津,5.7万円
313,Metro,1R,梅田,5.9万円
314,Metro,1R,淀屋橋,6.9万円
315,Metro,1R,本町,6.7万円
316,Metro,1R,心斎橋,6.0万円
317,Metro,1R,なんば,5.2万円
318,Metro,1R,大国町,5.2万円
319,Metro,1R,動物園前,4.0万円
320,Metro,1R,天王寺,4.2万円
321,Metro,1R,昭和町,3.6万円
322,Metro,1R,西田辺,4.0万円
323,Metro,1R,長居,3.3万円
324,Metro,1R,あびこ,3.5万円
325,Metro,1R,北花田,4.0万円
326,Metro,1R,新金岡,4.9万円
327,Metro,1R,なかもず,4.0万円
328,Metro,1R,大日,2.5万円
329,Metro,1R,守口,3.3万円
330,Metro,1R,太子橋今市,3.0万円
331,Metro,1R,千林大宮,3.0万円
332,Metro,1R,関目高殿,3.0万円
333,Metro,1R,野江内代,3.2万円
334,Metro,1R,都島,3.5万円
335,Metro,1R,天神橋筋六丁目,4.5万円
336,Metro,1R,中崎町,5.4万円
337,Metro,1R,東梅田,6.9万円
338,Metro,1R,南森町,5.7万円
339,Metro,1R,天満橋,6.0万円
340,Metro,1R,谷町四丁目,5.9万円
341,Metro,1R,谷町六丁目,5.6万円
342,Metro,1R,谷町九丁目,4.5万円
343,Metro,1R,四天王寺前夕陽丘,5.4万円
344,Metro,1R,天王寺,4.2万円
345,Metro,1R,阿倍野,4.0万円
346,Metro,1R,文の里,3.6万円
347,Metro,1R,田辺,3.3万円
348,Metro,1R,駒川中野,2.8万円
349,Metro,1R,平野,2.8万円
350,Metro,1R,喜連瓜破,2.8万円
351,Metro,1R,出戸,3.8万円
352,Metro,1R,長原,3.5万円
353,Metro,1R,八尾南,3.5万円
354,Metro,1R,西梅田,7.4万円
355,Metro,1R,肥後橋,6.6万円
356,Metro,1R,本町,6.7万円
357,Metro,1R,四ツ橋,6.5万円
358,Metro,1R,なんば,5.2万円
359,Metro,1R,大国町,5.2万円
360,Metro,1R,花園町,3.9万円
361,Metro,1R,岸里,4.0万円
362,Metro,1R,玉出,4.0万円
363,Metro,1R,北加賀屋,4.0万円
364,Metro,1R,住之江公園,3.3万円
365,Metro,1R,住之江公園,3.3万円
366,Metro,1R,平林,3.3万円
367,Metro,1R,南港口,2.4万円
368,Metro,1R,南港東,3.9万円
369,Metro,1R,フェリーターミナル,3.9万円
370,Metro,1R,ポートタウン東,4.1万円
371,Metro,1R,ポートタウン西,4.1万円
372,Metro,1R,中ふ頭,4.1万円
373,Metro,1R,トレードセンター前,4.0万円
374,Metro,1R,コスモスクエア,5.4万円
375,Metro,1R,夢洲,-
376,Metro,1R,コスモスクエア,5.4万円
377,Metro,1R,大阪港,3.7万円
378,Metro,1R,朝潮橋,4.0万円
379,Metro,1R,弁天町,5.4万円
380,Metro,1R,九条,4.0万円
381,Metro,1R,阿波座,6.0万円
382,Metro,1R,本町,6.7万円
383,Metro,1R,堺筋本町,6.6万円
384,Metro,1R,谷町四丁目,5.9万円
385,Metro,1R,森之宮,3.9万円
386,Metro,1R,緑橋,3.3万円
387,Metro,1R,深江橋,3.1万円
388,Metro,1R,高井田,3.3万円
389,Metro,1R,長田,3.5万円
390,Metro,1R,野田阪神,4.7万円
391,Metro,1R,玉川,5.0万円
392,Metro,1R,阿波座,6.0万円
393,Metro,1R,西長堀,6.0万円
394,Metro,1R,桜川,5.5万円
395,Metro,1R,なんば,5.2万円
396,Metro,1R,日本橋,4.9万円
397,Metro,1R,谷町九丁目,4.5万円
398,Metro,1R,鶴橋,3.8万円
399,Metro,1R,今里,3.2万円
400,Metro,1R,新深江,3.0万円
401,Metro,1R,小路,2.9万円
402,Metro,1R,北巽,2.8万円
403,Metro,1R,南巽,3.6万円
404,Metro,1R,天神橋筋六丁目,4.5万円
405,Metro,1R,扇町,5.0万円
406,Metro,1R,南森町,5.7万円
407,Metro,1R,北浜,6.6万円
408,Metro,1R,堺筋本町,6.6万円
409,Metro,1R,長堀橋,5.7万円
410,Metro,1R,日本橋,4.9万円
411,Metro,1R,恵美須町,5.5万円
412,Metro,1R,動物園前,4.0万円
413,Metro,1R,天下茶屋,4.0万円
414,Metro,1R,大正,4.1万円
415,Metro,1R,大阪ドーム前千代崎,4.2万円
416,Metro,1R,西長堀,6.0万円
417,Metro,1R,西大橋,6.5万円
418,Metro,1R,心斎橋,6.0万円
419,Metro,1R,長堀橋,5.7万円
420,Metro,1R,松屋町,5.5万円
421,Metro,1R,谷町六丁目,5.6万円
422,Metro,1R,玉造,4.1万円
423,Metro,1R,森之宮,3.9万円
424,Metro,1R,大阪ビジネスパーク,4.5万円
425,Metro,1R,京橋,4.4万円
426,Metro,1R,蒲生四丁目,3.5万円
427,Metro,1R,今福鶴見,4.3万円
428,Metro,1R,横堤,5.3万円
429,Metro,1R,鶴見緑地,4.6万円
430,Metro,1R,門真南,3.8万円
431,Metro,1R,井高野,2.7万円
432,Metro,1R,瑞光四丁目,3.0万円
433,Metro,1R,だいどう豊里,3.0万円
434,Metro,1R,太子橋今市,3.0万円
435,Metro,1R,清水,3.0万円
436,Metro,1R,新森古市,3.0万円
437,Metro,1R,関目成育,3.0万円
438,Metro,1R,蒲生四丁目,3.5万円
439,Metro,1R,鴫野,3.5万円
440,Metro,1R,緑橋,3.3万円
441,Metro,1R,今里,3.2万円
442,NK,1R,南海難波,5.3万円
443,NK,1R,新今宮,4.0万円
444,NK,1R,天下茶屋,4.2万円
445,NK,1R,岸里玉出,4.0万円
446,HK,1R,梅田,5.8万円
447,HK,1R,中津,5.8万円
448,HK,1R,十三,3.9万円
449,HK,1R,神崎川,3.8万円
450,HK,1R,園田,4.0万円
451,HK,1R,塚口,3.7万円
452,HK,1R,武庫之荘,3.6万円
453,HK,1R,西宮北口,4.6万円
454,HK,1R,夙川,4.5万円
455,HK,1R,芦屋川,5.8万円
456,HK,1R,岡本,4.3万円
457,HK,1R,御影,4.5万円
458,HK,1R,六甲,4.2万円
459,HK,1R,王子公園,4.2万円
460,HK,1R,春日野道,4.5万円
461,HK,1R,神戸三宮,5.8万円
462,HK,1R,梅田,5.8万円
463,HK,1R,中津,5.8万円
464,HK,1R,十三,3.9万円
465,HK,1R,三国,3.8万円
466,HK,1R,庄内,4.5万円
467,HK,1R,服部天神,4.6万円
468,HK,1R,曽根,4.2万円
469,HK,1R,岡町,4.3万円
470,HK,1R,豊中,4.2万円
471,HK,1R,蛍池,4.0万円
472,HK,1R,石橋阪大前,4.0万円
473,HK,1R,池田,4.9万円
474,HK,1R,川西能勢口,5.2万円
475,HK,1R,雲雀丘花屋敷,4.7万円
476,HK,1R,山本,4.5万円
477,HK,1R,中山観音,4.5万円
478,HK,1R,売布神社,4.0万円
479,HK,1R,清荒神,5.5万円
480,HK,1R,宝塚,5.7万円
481,HK,1R,石橋阪大前,4.0万円
482,HK,1R,桜井,3.7万円
483,HK,1R,牧落,3.7万円
484,HK,1R,箕面,3.7万円
485,HK,1R,天神橋筋六丁目,4.5万円
486,HK,1R,柴島,3.2万円
487,HK,1R,淡路,3.0万円
488,HK,1R,下新庄,3.0万円
489,HK,1R,吹田,4.2万円
490,HK,1R,豊津,5.5万円
491,HK,1R,関大前,3.6万円
492,HK,1R,千里山,3.6万円
493,HK,1R,南千里,4.1万円
494,HK,1R,山田,5.5万円
495,HK,1R,北千里,4.9万円
496,HK,1R,梅田,5.8万円
497,HK,1R,十三,3.9万円
498,HK,1R,南方,4.0万円
499,HK,1R,崇禅寺,3.6万円
500,HK,1R,淡路,3.0万円
501,HK,1R,上新庄,3.0万円
502,HK,1R,相川,3.0万円
503,HK,1R,正雀,3.3万円
504,HK,1R,摂津市,4.0万円
505,HK,1R,南茨木,5.0万円
506,HK,1R,茨木市,4.5万円
507,HK,1R,総持寺,4.2万円
508,HK,1R,富田,4.0万円
509,HK,1R,高槻市,4.7万円
510,HK,1R,上牧,5.3万円
511,HK,1R,水無瀬,5.7万円
512,HK,1R,大山崎,4.0万円
513,HK,1R,西山天王山,4.2万円
514,HK,1R,長岡天神,4.2万円
515,HK,1R,西向日,3.7万円
516,HK,1R,東向日,4.2万円
517,HK,1R,洛西口,3.7万円
518,HK,1R,桂,3.8万円
519,HK,1R,西京極,4.4万円
520,HK,1R,西院,4.0万円
521,HK,1R,大宮,4.3万円
522,HK,1R,烏丸,5.3万円
523,HK,1R,京都河原町,5.3万円
524,HS,1R,梅田,6.6万円
525,HS,1R,福島,5.4万円
526,HS,1R,野田,5.0万円
527,HS,1R,淀川,4.8万円
528,HS,1R,姫島,3.7万円
529,HS,1R,千船,3.7万円
530,HS,1R,杭瀬,3.8万円
531,HS,1R,大物,4.3万円
532,HS,1R,尼崎,4.2万円
533,HS,1R,出屋敷,4.2万円
534,HS,1R,尼崎センタープール前,4.3万円
535,HS,1R,武庫川,4.4万円
536,HS,1R,鳴尾・武庫川女子大前,4.0万円
537,HS,1R,甲子園,4.2万円
538,HS,1R,久寿川,4.0万円
539,HS,1R,今津,4.3万円
540,HS,1R,西宮,4.7万円
541,HS,1R,香櫨園,4.1万円
542,HS,1R,打出,4.8万円
543,HS,1R,芦屋,5.3万円
544,HS,1R,深江,4.5万円
545,HS,1R,青木,4.2万円
546,HS,1R,魚崎,4.0万円
547,HS,1R,住吉,4.9万円
548,HS,1R,御影,4.5万円
549,HS,1R,石屋川,4.4万円
550,HS,1R,新在家,4.0万円
551,HS,1R,大石,4.0万円
552,HS,1R,西灘,4.3万円
553,HS,1R,岩屋,4.0万円
554,HS,1R,春日野道,4.5万円
555,HS,1R,神戸三宮,6.0万円
556,HS,1R,元町,5.0万円
557,HS,1R,尼崎,4.2万円
558,HS,1R,大物,4.3万円
559,HS,1R,出来島,3.5万円
560,HS,1R,福,3.7万円
561,HS,1R,伝法,4.1万円
562,HS,1R,千鳥橋,4.0万円
563,HS,1R,西九条,3.7万円
564,HS,1R,九条,4.2万円
565,HS,1R,大阪ドーム前,4.0万円
566,HS,1R,桜川,5.7万円
567,HS,1R,難波,5.7万円
568,KH,1R,淀屋橋,7.2万円
569,KH,1R,北浜,6.3万円
570,KH,1R,天満橋,6.1万円
571,KH,1R,京橋,4.4万円
572,KH,1R,野江,3.0万円
573,KH,1R,関目,3.0万円
574,KH,1R,森小路,2.8万円
575,KH,1R,千林,3.2万円
576,KH,1R,滝井,3.3万円
577,KH,1R,土居,3.0万円
578,KH,1R,守口市,3.3万円
579,KH,1R,西三荘,2.8万円
580,KH,1R,門真市,2.7万円
581,KH,1R,古川橋,2.8万円
582,KH,1R,大和田,2.8万円
583,KH,1R,萱島,2.7万円
584,KH,1R,寝屋川市,2.6万円
585,KH,1R,香里園,2.7万円
586,KH,1R,光善寺,2.7万円
587,KH,1R,枚方公園,3.3万円
588,KH,1R,枚方市,3.7万円
589,KH,1R,御殿山,3.9万円
590,KH,1R,牧野,3.5万円
591,KH,1R,樟葉,3.4万円
592,KH,1R,橋本,3.9万円
593,KH,1R,石清水八幡宮,3.8万円
594,KH,1R,淀,3.5万円
595,KH,1R,中書島,3.7万円
596,KH,1R,伏見桃山,3.8万円
597,KH,1R,丹波橋,3.8万円
598,KH,1R,墨染,3.5万円
599,KH,1R,藤森,3.5万円
600,KH,1R,龍谷大前深草,3.5万円
601,KH,1R,伏見稲荷,3.6万円
602,KH,1R,鳥羽街道,4.2万円
603,KH,1R,東福寺,3.6万円
604,KH,1R,七条,4.1万円
605,KH,1R,清水五条,4.8万円
606,KH,1R,祇園四条,5.0万円
607,KH,1R,三条,4.8万円
608,JR,1K,梅田,6.5万円
609,JR,1K,福島,6.3万円
610,JR,1K,野田,6.2万円
611,JR,1K,西九条,6.0万円
612,JR,1K,弁天町,5.8万円
613,JR,1K,大正,5.9万円
614,JR,1K,芦原橋,6.0万円
615,JR,1K,今宮,6.1万円
616,JR,1K,新今宮,5.7万円
617,JR,1K,天王寺,5.9万円
618,JR,1K,寺田町,5.9万円
619,JR,1K,桃谷,5.6万円
620,JR,1K,鶴橋,5.8万円
621,JR,1K,玉造,5.9万円
622,JR,1K,森之宮,6.0万円
623,JR,1K,大阪城公園,6.2万円
624,JR,1K,京橋,6.1万円
625,JR,1K,桜ノ宮,6.0万円
626,JR,1K,天満,6.2万円
627,JR,1K,柏原,4.1万円
628,JR,1K,近江長岡,4.0万円
629,JR,1K,醒ケ井,4.1万円
630,JR,1K,米原,4.3万円
631,JR,1K,彦根,4.5万円
632,JR,1K,南彦根,4.3万円
633,JR,1K,河瀬,4.3万円
634,JR,1K,稲枝,4.2万円
635,JR,1K,能登川,4.4万円
636,JR,1K,安土,5.2万円
637,JR,1K,近江八幡,5.3万円
638,JR,1K,篠原,5.3万円
639,JR,1K,野洲,5.3万円
640,JR,1K,守山,5.3万円
641,JR,1K,栗東,5.0万円
642,JR,1K,草津,4.8万円
643,JR,1K,南草津,4.6万円
644,JR,1K,瀬田,4.6万円
645,JR,1K,石山,4.4万円
646,JR,1K,膳所,5.5万円
647,JR,1K,大津,5.6万円
648,JR,1K,山科,4.6万円
649,JR,1K,京都,5.8万円
650,JR,1K,西大路,5.9万円
651,JR,1K,桂川,5.2万円
652,JR,1K,向日町,5.3万円
653,JR,1K,長岡京,5.1万円
654,JR,1K,山崎,4.7万円
655,JR,1K,島本,5.9万円
656,JR,1K,高槻,5.2万円
657,JR,1K,摂津富田,5.0万円
658,JR,1K,JR総持寺,5.0万円
659,JR,1K,茨木,5.7万円
660,JR,1K,千里丘,5.0万円
661,JR,1K,岸辺,5.6万円
662,JR,1K,JR吹田,5.5万円
663,JR,1K,東淀川,6.0万円
664,JR,1K,新大阪,6.1万円
665,JR,1K,梅田,6.5万円
666,JR,1K,塚本,5.8万円
667,JR,1K,JR尼崎,5.8万円
668,JR,1K,立花,5.5万円
669,JR,1K,甲子園口,5.5万円
670,JR,1K,西宮,6.2万円
671,JR,1K,さくら夙川,5.8万円
672,JR,1K,芦屋,6.0万円
673,JR,1K,甲南山手,5.6万円
674,JR,1K,摂津本山,5.5万円
675,JR,1K,住吉,5.5万円
676,JR,1K,六甲道,5.5万円
677,JR,1K,摩耶,5.4万円
678,JR,1K,灘,5.8万円
679,JR,1K,三ノ宮,6.3万円
680,JR,1K,元町,6.4万円
681,JR,1K,神戸,6.0万円
682,JR,1K,京橋,6.1万円
683,JR,1K,鴫野,5.8万円
684,JR,1K,放出,5.6万円
685,JR,1K,徳庵,4.8万円
686,JR,1K,鴻池新田,4.6万円
687,JR,1K,住道,4.0万円
688,JR,1K,野崎,3.8万円
689,JR,1K,四条畷,3.6万円
690,JR,1K,忍ケ丘,3.8万円
691,JR,1K,寝屋川公園,3.7万円
692,JR,1K,星田,4.5万円
693,JR,1K,河内磐船,5.0万円
694,JR,1K,津田,4.0万円
695,JR,1K,藤阪,4.0万円
696,JR,1K,長尾,4.0万円
697,JR,1K,松井山手,4.2万円
698,JR,1K,大住,5.0万円
699,JR,1K,京田辺,4.8万円
700,JR,1K,同志社前,3.9万円
701,JR,1K,JR三山木,4.4万円
702,JR,1K,下狛,3.8万円
703,JR,1K,祝園,5.3万円
704,JR,1K,西木津,4.0万円
705,JR,1K,木津,4.6万円
706,JR,1K,西九条,6.0万円
707,JR,1K,安治川口,5.6万円
708,JR,1K,ユニバーサルシティ,5.1万円
709,JR,1K,桜島,4.7万円
710,JR,1K,JR難波,6.0万円
711,JR,1K,今宮,6.1万円
712,JR,1K,新今宮,5.7万円
713,JR,1K,天王寺,5.9万円
714,JR,1K,東部市場前,5.0万円
715,JR,1K,平野,4.3万円
716,JR,1K,加美,4.0万円
717,JR,1K,久宝寺,4.7万円
718,JR,1K,八尾,5.2万円
719,JR,1K,志紀,3.9万円
720,JR,1K,柏原,4.0万円
721,JR,1K,高井田,3.9万円
722,JR,1K,河内堅上,3.2万円
723,JR,1K,三郷,2.9万円
724,JR,1K,王寺,3.6万円
725,JR,1K,法隆寺,3.3万円
726,JR,1K,大和小泉,4.0万円
727,JR,1K,郡山,4.0万円
728,JR,1K,奈良,4.3万円
729,JR,1K,平城山,4.0万円
730,JR,1K,木津,4.6万円
731,JR,1K,加茂,4.1万円
732,JR,1K,笠置,4.1万円
733,JR,1K,大河原,4.1万円
734,JR,1K,月ケ瀬口,-
735,JR,1K,天王寺,5.9万円
736,JR,1K,美章園,5.8万円
737,JR,1K,南田辺,5.3万円
738,JR,1K,鶴ケ丘,5.0万円
739,JR,1K,JR長居,4.5万円
740,JR,1K,我孫子町,4.5万円
741,JR,1K,杉本町,4.4万円
742,JR,1K,浅香,5.0万円
743,JR,1K,堺市,5.2万円
744,JR,1K,三国ケ丘,5.3万円
745,JR,1K,百舌鳥,5.0万円
746,JR,1K,上野芝,4.6万円
747,JR,1K,津久野,4.5万円
748,JR,1K,鳳,4.5万円
749,JR,1K,東羽衣,4.0万円
750,JR,1K,富木,4.2万円
751,JR,1K,北信太,3.6万円
752,JR,1K,信太山,3.9万円
753,JR,1K,和泉府中,4.0万円
754,JR,1K,久米田,3.8万円
755,JR,1K,下松,3.7万円
756,JR,1K,東岸和田,3.9万円
757,JR,1K,東貝塚,3.7万円
758,JR,1K,和泉橋本,3.5万円
759,JR,1K,東佐野,4.5万円
760,JR,1K,熊取,4.6万円
761,JR,1K,日根野,4.5万円
762,JR,1K,長滝,4.7万円
763,JR,1K,新家,3.0万円
764,JR,1K,和泉砂川,3.1万円
765,JR,1K,和泉鳥取,4.4万円
766,JR,1K,山中渓,4.0万円
767,JR,1K,紀伊,3.4万円
768,JR,1K,六十谷,2.8万円
769,JR,1K,紀伊中ノ島,4.0万円
770,JR,1K,和歌山,4.0万円
771,JR,1K,日根野,4.5万円
772,JR,1K,りんくうタウン,5.0万円
773,JR,1K,梅田,6.5万円
774,JR,1K,JR尼崎,5.8万円
775,JR,1K,JR塚口,5.4万円
776,JR,1K,猪名寺,5.1万円
777,JR,1K,伊丹,5.6万円
778,JR,1K,北伊丹,4.8万円
779,JR,1K,川西池田,5.2万円
780,JR,1K,中山寺,5.4万円
781,JR,1K,宝塚,5.9万円
782,JR,1K,生瀬,4.9万円
783,JR,1K,西宮名塩,-
784,JR,1K,武田尾,4.1万円
785,JR,1K,道場,4.1万円
786,JR,1K,三田,5.5万円
787,JR,1K,新三田,5.0万円
788,JR,1K,広野,4.5万円
789,JR,1K,相野,5.1万円
790,JR,1K,藍本,4.1万円
791,JR,1K,草野,4.1万円
792,JR,1K,古市,4.1万円
793,JR,1K,南矢代,4.8万円
794,JR,1K,篠山口,5.2万円
795,JR,1K,丹波大山,4.8万円
796,JR,1K,下滝,4.1万円
797,JR,1K,谷川,4.1万円
798,JR,1K,柏原,3.9万円
799,JR,1K,石生,4.0万円
800,JR,1K,黒井,4.0万円
801,JR,1K,市島,4.1万円
802,JR,1K,丹波竹田,4.1万円
803,JR,1K,福知山,5.0万円
804,JR,1K,JR尼崎,5.8万円
805,JR,1K,加島,5.7万円
806,JR,1K,御幣島,5.8万円
807,JR,1K,海老江,6.2万円
808,JR,1K,新福島,6.3万円
809,JR,1K,北新地,7.6万円
810,JR,1K,大阪天満宮,6.5万円
811,JR,1K,大阪城北詰,6.1万円
812,JR,1K,京橋,6.1万円
813,JR,1K,梅田,6.5万円
814,JR,1K,新大阪,6.1万円
815,JR,1K,南吹田,6.5万円
816,JR,1K,JR淡路,4.8万円
817,JR,1K,城北公園通,5.7万円
818,JR,1K,JR野江,6.0万円
819,JR,1K,鴫野,5.8万円
820,JR,1K,放出,5.6万円
821,JR,1K,高井田中央,5.8万円
822,JR,1K,JR河内永和,5.4万円
823,JR,1K,JR俊徳道,4.9万円
824,JR,1K,JR長瀬,4.2万円
825,JR,1K,衣摺加美北,4.3万円
826,JR,1K,新加美,4.0万円
827,JR,1K,久宝寺,4.7万円
828,JR,1K,米原,4.3万円
829,JR,1K,京都,5.8万円
830,JR,1K,新大阪,6.1万円
831,KT,1K,大阪上本町,6.1万円
832,KT,1K,鶴橋,5.9万円
833,KT,1K,今里,5.3万円
834,KT,1K,布施,5.5万円
835,KT,1K,俊徳道,4.7万円
836,KT,1K,長瀬,4.2万円
837,KT,1K,弥刀,4.0万円
838,KT,1K,久宝寺口,4.6万円
839,KT,1K,近鉄八尾,5.0万円
840,KT,1K,河内山本,4.7万円
841,KT,1K,高安,4.2万円
842,KT,1K,恩智,3.8万円
843,KT,1K,法善寺,3.9万円
844,KT,1K,堅下,3.7万円
845,KT,1K,安堂,3.5万円
846,KT,1K,河内国分,3.9万円
847,KT,1K,大阪教育大前,3.9万円
848,KT,1K,関屋,2.9万円
849,KT,1K,二上,3.2万円
850,KT,1K,近鉄下田,4.0万円
851,KT,1K,五位堂,4.0万円
852,KT,1K,築山,3.8万円
853,KT,1K,大和高田,4.5万円
854,KT,1K,松塚,3.2万円
855,KT,1K,真菅,3.3万円
856,KT,1K,大和八木,4.4万円
857,KT,1K,耳成,3.9万円
858,KT,1K,大福,4.2万円
859,KT,1K,桜井,3.6万円
860,KT,1K,大和朝倉,3.9万円
861,KT,1K,長谷寺,3.4万円
862,KT,1K,榛原,3.9万円
863,KT,1K,室生口大野,4.7万円
864,KT,1K,三本松,4.1万円
865,KT,1K,大阪上本町,6.1万円
866,KT,1K,鶴橋,5.9万円
867,KT,1K,今里,5.3万円
868,KT,1K,布施,5.5万円
869,KT,1K,河内永和,5.1万円
870,KT,1K,河内小阪,4.5万円
871,KT,1K,八戸ノ里,4.4万円
872,KT,1K,若江岩田,4.0万円
873,KT,1K,河内花園,3.9万円
874,KT,1K,東花園,3.8万円
875,KT,1K,瓢箪山,3.5万円
876,KT,1K,枚岡,3.3万円
877,KT,1K,額田,3.5万円
878,KT,1K,石切,3.5万円
879,KT,1K,生駒,3.5万円
880,KT,1K,東生駒,3.5万円
881,KT,1K,富雄,4.3万円
882,KT,1K,学園前,4.3万円
883,KT,1K,菖蒲池,3.8万円
884,KT,1K,大和西大寺,4.2万円
885,KT,1K,新大宮,4.5万円
886,KT,1K,近鉄奈良,4.3万円
887,KT,1K,大阪阿部野橋,6.0万円
888,KT,1K,河堀口,5.9万円
889,KT,1K,北田辺,5.2万円
890,KT,1K,今川,4.2万円
891,KT,1K,針中野,4.0万円
892,KT,1K,矢田,3.8万円
893,KT,1K,河内天美,4.0万円
894,KT,1K,布忍,4.0万円
895,KT,1K,高見ノ里,4.8万円
896,KT,1K,河内松原,4.9万円
897,KT,1K,恵我ノ荘,5.1万円
898,KT,1K,高鷲,4.2万円
899,KT,1K,藤井寺,4.2万円
900,KT,1K,土師ノ里,4.1万円
901,KT,1K,道明寺,3.8万円
902,KT,1K,古市,4.0万円
903,KT,1K,駒ケ谷,3.8万円
904,KT,1K,上ノ太子,3.5万円
905,KT,1K,二上山,3.0万円
906,KT,1K,二上神社口,2.7万円
907,KT,1K,当麻寺,3.2万円
908,KT,1K,磐城,2.7万円
909,KT,1K,尺土,2.7万円
910,KT,1K,高田市,3.5万円
911,KT,1K,浮孔,3.2万円
912,KT,1K,坊城,2.9万円
913,KT,1K,橿原神宮西口,3.5万円
914,KT,1K,橿原神宮前,4.0万円
915,Metro,1K,江坂,6.5万円
916,Metro,1K,東三国,6.1万円
917,Metro,1K,新大阪,6.1万円
918,Metro,1K,西中島南方,6.0万円
919,Metro,1K,中津,6.2万円
920,Metro,1K,梅田,6.4万円
921,Metro,1K,淀屋橋,7.0万円
922,Metro,1K,本町,6.8万円
923,Metro,1K,心斎橋,6.7万円
924,Metro,1K,なんば,6.1万円
925,Metro,1K,大国町,6.2万円
926,Metro,1K,動物園前,5.7万円
927,Metro,1K,天王寺,5.8万円
928,Metro,1K,昭和町,5.7万円
929,Metro,1K,西田辺,5.0万円
930,Metro,1K,長居,4.4万円
931,Metro,1K,あびこ,4.5万円
932,Metro,1K,北花田,4.9万円
933,Metro,1K,新金岡,5.0万円
934,Metro,1K,なかもず,5.0万円
935,Metro,1K,大日,4.3万円
936,Metro,1K,守口,5.2万円
937,Metro,1K,太子橋今市,5.0万円
938,Metro,1K,千林大宮,5.6万円
939,Metro,1K,関目高殿,5.7万円
940,Metro,1K,野江内代,5.9万円
941,Metro,1K,都島,6.0万円
942,Metro,1K,天神橋筋六丁目,6.0万円
943,Metro,1K,中崎町,6.3万円
944,Metro,1K,東梅田,7.0万円
945,Metro,1K,南森町,6.5万円
946,Metro,1K,天満橋,6.5万円
947,Metro,1K,谷町四丁目,6.6万円
948,Metro,1K,谷町六丁目,6.3万円
949,Metro,1K,谷町九丁目,6.1万円
950,Metro,1K,四天王寺前夕陽丘,6.0万円
951,Metro,1K,天王寺,5.8万円
952,Metro,1K,阿倍野,5.6万円
953,Metro,1K,文の里,5.8万円
954,Metro,1K,田辺,5.0万円
955,Metro,1K,駒川中野,4.2万円
956,Metro,1K,平野,4.2万円
957,Metro,1K,喜連瓜破,4.0万円
958,Metro,1K,出戸,4.2万円
959,Metro,1K,長原,4.2万円
960,Metro,1K,八尾南,4.1万円
961,Metro,1K,西梅田,7.5万円
962,Metro,1K,肥後橋,6.7万円
963,Metro,1K,本町,6.8万円
964,Metro,1K,四ツ橋,6.6万円
965,Metro,1K,なんば,6.1万円
966,Metro,1K,大国町,6.2万円
967,Metro,1K,花園町,5.2万円
968,Metro,1K,岸里,5.0万円
969,Metro,1K,玉出,4.5万円
970,Metro,1K,北加賀屋,4.2万円
971,Metro,1K,住之江公園,5.2万円
972,Metro,1K,住之江公園,5.2万円
973,Metro,1K,平林,4.8万円
974,Metro,1K,南港口,4.0万円
975,Metro,1K,南港東,4.0万円
976,Metro,1K,フェリーターミナル,4.0万円
977,Metro,1K,ポートタウン東,4.3万円
978,Metro,1K,ポートタウン西,4.3万円
979,Metro,1K,中ふ頭,4.3万円
980,Metro,1K,トレードセンター前,4.1万円
981,Metro,1K,コスモスクエア,5.5万円
982,Metro,1K,夢洲,-
983,Metro,1K,コスモスクエア,5.5万円
984,Metro,1K,大阪港,5.0万円
985,Metro,1K,朝潮橋,5.7万円
986,Metro,1K,弁天町,5.8万円
987,Metro,1K,九条,5.9万円
988,Metro,1K,阿波座,6.3万円
989,Metro,1K,本町,6.8万円
990,Metro,1K,堺筋本町,6.7万円
991,Metro,1K,谷町四丁目,6.6万円
992,Metro,1K,森之宮,6.1万円
993,Metro,1K,緑橋,5.8万円
994,Metro,1K,深江橋,5.8万円
995,Metro,1K,高井田,5.8万円
996,Metro,1K,長田,5.1万円
997,Metro,1K,野田阪神,6.3万円
998,Metro,1K,玉川,6.3万円
999,Metro,1K,阿波座,6.3万円
1000,Metro,1K,西長堀,6.2万円
1001,Metro,1K,桜川,6.0万円
1002,Metro,1K,なんば,6.1万円
1003,Metro,1K,日本橋,6.2万円
1004,Metro,1K,谷町九丁目,6.1万円
1005,Metro,1K,鶴橋,5.9万円
1006,Metro,1K,今里,5.7万円
1007,Metro,1K,新深江,5.5万円
1008,Metro,1K,小路,5.2万円
1009,Metro,1K,北巽,4.8万円
1010,Metro,1K,南巽,4.6万円
1011,Metro,1K,天神橋筋六丁目,6.0万円
1012,Metro,1K,扇町,6.4万円
1013,Metro,1K,南森町,6.5万円
1014,Metro,1K,北浜,6.8万円
1015,Metro,1K,堺筋本町,6.7万円
1016,Metro,1K,長堀橋,6.6万円
1017,Metro,1K,日本橋,6.2万円
1018,Metro,1K,恵美須町,6.1万円
1019,Metro,1K,動物園前,5.7万円
1020,Metro,1K,天下茶屋,5.0万円
1021,Metro,1K,大正,5.8万円
1022,Metro,1K,大阪ドーム前千代崎,5.9万円
1023,Metro,1K,西長堀,6.2万円
1024,Metro,1K,西大橋,6.6万円
1025,Metro,1K,心斎橋,6.7万円
1026,Metro,1K,長堀橋,6.6万円
1027,Metro,1K,松屋町,6.4万円
1028,Metro,1K,谷町六丁目,6.3万円
1029,Metro,1K,玉造,5.9万円
1030,Metro,1K,森之宮,6.1万円
1031,Metro,1K,大阪ビジネスパーク,6.2万円
1032,Metro,1K,京橋,6.1万円
1033,Metro,1K,蒲生四丁目,6.0万円
1034,Metro,1K,今福鶴見,5.6万円
1035,Metro,1K,横堤,5.4万円
1036,Metro,1K,鶴見緑地,5.3万円
1037,Metro,1K,門真南,4.7万円
1038,Metro,1K,井高野,4.3万円
1039,Metro,1K,瑞光四丁目,4.0万円
1040,Metro,1K,だいどう豊里,4.0万円
1041,Metro,1K,太子橋今市,5.0万円
1042,Metro,1K,清水,4.7万円
1043,Metro,1K,新森古市,5.7万円
1044,Metro,1K,関目成育,5.7万円
1045,Metro,1K,蒲生四丁目,6.0万円
1046,Metro,1K,鴫野,6.0万円
1047,Metro,1K,緑橋,5.8万円
1048,Metro,1K,今里,5.7万円
1049,NK,1K,南海難波,6.2万円
1050,NK,1K,新今宮,5.7万円
1051,NK,1K,天下茶屋,5.2万円
1052,NK,1K,岸里玉出,5.0万円
1053,NK,1K,粉浜,4.6万円
1054,NK,1K,住吉大社,4.4万円
1055,NK,1K,住ノ江,5.2万円
1056,NK,1K,七道,5.4万円
1057,NK,1K,堺,5.3万円
1058,NK,1K,湊,5.2万円
1059,NK,1K,石津川,5.3万円
1060,NK,1K,諏訪ノ森,5.0万円
1061,NK,1K,浜寺公園,4.7万円
1062,NK,1K,羽衣,4.0万円
1063,NK,1K,高石,3.8万円
1064,NK,1K,北助松,4.0万円
1065,NK,1K,松ノ浜,4.1万円
1066,NK,1K,泉大津,4.3万円
1067,NK,1K,忠岡,4.0万円
1068,NK,1K,春木,3.9万円
1069,NK,1K,和泉大宮,4.0万円
1070,NK,1K,岸和田,3.9万円
1071,NK,1K,蛸地蔵,3.9万円
1072,NK,1K,貝塚,3.8万円
1073,NK,1K,二色浜,3.9万円
1074,NK,1K,鶴原,4.0万円
1075,NK,1K,井原里,5.3万円
1076,NK,1K,泉佐野,5.0万円
1077,NK,1K,羽倉崎,4.4万円
1078,NK,1K,吉見ノ里,3.7万円
1079,NK,1K,岡田浦,3.1万円
1080,NK,1K,樽井,4.4万円
1081,NK,1K,尾崎,4.4万円
1082,NK,1K,鳥取ノ荘,4.3万円
1083,NK,1K,箱作,4.1万円
1084,NK,1K,淡輪,4.1万円
1085,NK,1K,みさき公園,3.5万円
1086,NK,1K,孝子,4.1万円
1087,NK,1K,和歌山大学前,2.5万円
1088,NK,1K,紀ノ川,2.5万円
1089,NK,1K,和歌山市,4.0万円
1090,HK,1K,梅田,6.4万円
1091,HK,1K,中津,6.2万円
1092,HK,1K,十三,5.9万円
1093,HK,1K,神崎川,5.8万円
1094,HK,1K,園田,4.6万円
1095,HK,1K,塚口,5.6万円
1096,HK,1K,武庫之荘,5.5万円
1097,HK,1K,西宮北口,6.0万円
1098,HK,1K,夙川,5.7万円
1099,HK,1K,芦屋川,6.0万円
1100,HK,1K,岡本,5.6万円
1101,HK,1K,御影,5.4万円
1102,HK,1K,六甲,5.5万円
1103,HK,1K,王子公園,5.4万円
1104,HK,1K,春日野道,6.0万円
1105,HK,1K,神戸三宮,6.5万円
1106,HK,1K,梅田,6.4万円
1107,HK,1K,中津,6.2万円
1108,HK,1K,十三,5.9万円
1109,HK,1K,三国,6.0万円
1110,HK,1K,庄内,5.5万円
1111,HK,1K,服部天神,5.5万円
1112,HK,1K,曽根,5.2万円
1113,HK,1K,岡町,5.2万円
1114,HK,1K,豊中,5.1万円
1115,HK,1K,蛍池,5.0万円
1116,HK,1K,石橋阪大前,4.8万円
1117,HK,1K,池田,5.2万円
1118,HK,1K,川西能勢口,5.3万円
1119,HK,1K,雲雀丘花屋敷,5.0万円
1120,HK,1K,山本,5.2万円
1121,HK,1K,中山観音,5.6万円
1122,HK,1K,売布神社,5.4万円
1123,HK,1K,清荒神,5.6万円
1124,HK,1K,宝塚,5.9万円
1125,HK,1K,石橋阪大前,4.8万円
1126,HK,1K,桜井,4.4万円
1127,HK,1K,牧落,4.0万円
1128,HK,1K,箕面,4.1万円
1129,HK,1K,天神橋筋六丁目,6.0万円
1130,HK,1K,柴島,5.4万円
1131,HK,1K,淡路,5.0万円
1132,HK,1K,下新庄,4.2万円
1133,HK,1K,吹田,6.0万円
1134,HK,1K,豊津,6.5万円
1135,HK,1K,関大前,5.5万円
1136,HK,1K,千里山,4.7万円
1137,HK,1K,南千里,4.8万円
1138,HK,1K,山田,5.8万円
1139,HK,1K,北千里,5.0万円
1140,HK,1K,梅田,6.4万円
1141,HK,1K,十三,5.9万円
1142,HK,1K,南方,6.1万円
1143,HK,1K,崇禅寺,5.8万円
1144,HK,1K,淡路,5.0万円
1145,HK,1K,上新庄,4.0万円
1146,HK,1K,相川,4.5万円
1147,HK,1K,正雀,5.5万円
1148,HK,1K,摂津市,5.3万円
1149,HK,1K,南茨木,5.8万円
1150,HK,1K,茨木市,5.3万円
1151,HK,1K,総持寺,4.8万円
1152,HK,1K,富田,4.7万円
1153,HK,1K,高槻市,5.3万円
1154,HK,1K,上牧,5.4万円
1155,HK,1K,水無瀬,5.8万円
1156,HK,1K,大山崎,4.7万円
1157,HK,1K,西山天王山,5.3万円
1158,HK,1K,長岡天神,5.2万円
1159,HK,1K,西向日,5.0万円
1160,HK,1K,東向日,5.2万円
1161,HK,1K,洛西口,5.0万円
1162,HK,1K,桂,4.9万円
1163,HK,1K,西京極,5.4万円
1164,HK,1K,西院,5.4万円
1165,HK,1K,大宮,5.7万円
1166,HK,1K,烏丸,6.0万円
1167,HK,1K,京都河原町,5.9万円
1168,KH,1K,淀屋橋,7.6万円
1169,KH,1K,北浜,6.7万円
1170,KH,1K,天満橋,6.5万円
1171,KH,1K,京橋,6.1万円
1172,KH,1K,野江,5.9万円
1173,KH,1K,関目,5.9万円
1174,KH,1K,森小路,5.5万円
1175,KH,1K,千林,5.1万円
1176,KH,1K,滝井,5.0万円
1177,KH,1K,土居,5.0万円
1178,KH,1K,守口市,5.1万円
1179,KH,1K,西三荘,4.8万円
1180,KH,1K,門真市,4.6万円
1181,KH,1K,古川橋,4.0万円
1182,KH,1K,大和田,3.7万円
1183,KH,1K,萱島,3.7万円
1184,KH,1K,寝屋川市,3.7万円
1185,KH,1K,香里園,3.8万円
1186,KH,1K,光善寺,4.0万円
1187,KH,1K,枚方公園,4.5万円
1188,KH,1K,枚方市,4.5万円
1189,KH,1K,御殿山,4.6万円
1190,KH,1K,牧野,4.5万円
1191,KH,1K,樟葉,4.7万円
1192,KH,1K,橋本,5.0万円
1193,KH,1K,石清水八幡宮,4.6万円
1194,KH,1K,淀,4.0万円
1195,KH,1K,中書島,5.0万円
1196,KH,1K,伏見桃山,4.9万円
1197,KH,1K,丹波橋,4.4万円
1198,KH,1K,墨染,4.5万円
1199,KH,1K,藤森,4.9万円
1200,KH,1K,龍谷大前深草,5.0万円
1201,KH,1K,伏見稲荷,4.9万円
1202,KH,1K,鳥羽街道,4.7万円
1203,KH,1K,東福寺,4.6万円
1204,KH,1K,七条,5.2万円
1205,KH,1K,清水五条,5.5万円
1206,KH,1K,祇園四条,5.8万円
1207,KH,1K,三条,5.7万円
1208,HS,1K,梅田,6.7万円
1209,HS,1K,福島,6.3万円
1210,HS,1K,野田,6.3万円
1211,HS,1K,淀川,6.1万円
1212,HS,1K,姫島,5.9万円
1213,HS,1K,千船,5.7万円
1214,HS,1K,杭瀬,5.5万円
1215,HS,1K,大物,5.5万円
1216,HS,1K,尼崎,5.6万円
1217,HS,1K,出屋敷,5.7万円
1218,HS,1K,尼崎センタープール前,5.6万円
1219,HS,1K,武庫川,5.3万円
1220,HS,1K,鳴尾・武庫川女子大前,5.6万円
1221,HS,1K,甲子園,5.8万円
1222,HS,1K,久寿川,5.9万円
1223,HS,1K,今津,5.8万円
1224,HS,1K,西宮,6.0万円
1225,HS,1K,香櫨園,5.7万円
1226,HS,1K,打出,5.7万円
1227,HS,1K,芦屋,6.0万円
1228,HS,1K,深江,5.5万円
1229,HS,1K,青木,5.5万円
1230,HS,1K,魚崎,5.2万円
1231,HS,1K,住吉,5.4万円
1232,HS,1K,御影,5.6万円
1233,HS,1K,石屋川,5.8万円
1234,HS,1K,新在家,5.6万円
1235,HS,1K,大石,5.3万円
1236,HS,1K,西灘,5.4万円
1237,HS,1K,岩屋,5.7万円
1238,HS,1K,春日野道,6.0万円
1239,HS,1K,神戸三宮,6.5万円
1240,HS,1K,元町,6.9万円
1241,HS,1K,尼崎,5.6万円
1242,HS,1K,大物,5.5万円
1243,HS,1K,出来島,5.0万円
1244,HS,1K,福,5.2万円
1245,HS,1K,伝法,5.5万円
1246,HS,1K,千鳥橋,5.8万円
1247,HS,1K,西九条,6.0万円
1248,HS,1K,九条,5.8万円
1249,HS,1K,大阪ドーム前,5.8万円
1250,HS,1K,桜川,6.1万円
1251,HS,1K,難波,6.3万円
1252,JR,1LDK,大阪,11.1万円
1253,JR,1LDK,福島,11.0万円
1254,JR,1LDK,野田,9.2万円
1255,JR,1LDK,西九条,8.3万円
1256,JR,1LDK,弁天町,8.6万円
1257,JR,1LDK,大正,7.4万円
1258,JR,1LDK,芦原橋,9.7万円
1259,JR,1LDK,今宮,9.7万円
1260,JR,1LDK,新今宮,8.3万円
1261,JR,1LDK,天王寺,8.4万円
1262,JR,1LDK,寺田町,7.5万円
1263,JR,1LDK,桃谷,7.0万円
1264,JR,1LDK,鶴橋,8.3万円
1265,JR,1LDK,玉造,8.9万円
1266,JR,1LDK,森ノ宮,8.2万円
1267,JR,1LDK,大阪城公園,6.7万円
1268,JR,1LDK,京橋,8.9万円
1269,JR,1LDK,桜ノ宮,8.8万円
1270,JR,1LDK,天満,10.5万円
1271,JR,1LDK,柏原,4.7万円
1272,JR,1LDK,近江長岡,4.1万円
1273,JR,1LDK,醒ケ井,4.2万円
1274,JR,1LDK,米原,7.3万円
1275,JR,1LDK,彦根,5.7万円
1276,JR,1LDK,南彦根,5.8万円
1277,JR,1LDK,河瀬,4.9万円
1278,JR,1LDK,稲枝,4.5万円
1279,JR,1LDK,能登川,5.2万円
1280,JR,1LDK,安土,6.0万円
1281,JR,1LDK,近江八幡,5.8万円
1282,JR,1LDK,篠原,6.0万円
1283,JR,1LDK,野洲,6.2万円
1284,JR,1LDK,守山,6.3万円
1285,JR,1LDK,栗東,6.5万円
1286,JR,1LDK,草津,6.7万円
1287,JR,1LDK,南草津,6.8万円
1288,JR,1LDK,瀬田,6.5万円
1289,JR,1LDK,石山,6.0万円
1290,JR,1LDK,膳所,6.6万円
1291,JR,1LDK,大津,7.1万円
1292,JR,1LDK,山科,6.9万円
1293,JR,1LDK,京都,8.5万円
1294,JR,1LDK,西大路,7.7万円
1295,JR,1LDK,桂川,7.0万円
1296,JR,1LDK,向日町,7.0万円
1297,JR,1LDK,長岡京,6.3万円
1298,JR,1LDK,山崎,6.2万円
1299,JR,1LDK,島本,8.0万円
1300,JR,1LDK,高槻,7.0万円
1301,JR,1LDK,摂津富田,6.8万円
1302,JR,1LDK,JR総持寺,7.6万円
1303,JR,1LDK,茨木,8.0万円
1304,JR,1LDK,千里丘,7.4万円
1305,JR,1LDK,岸辺,7.7万円
1306,JR,1LDK,JR吹田,8.3万円
1307,JR,1LDK,東淀川,8.7万円
1308,JR,1LDK,新大阪,8.7万円
1309,JR,1LDK,大阪,11.1万円
1310,JR,1LDK,塚本,7.8万円
1311,JR,1LDK,尼崎,7.6万円
1312,JR,1LDK,立花,6.9万円
1313,JR,1LDK,甲子園口,7.3万円
1314,JR,1LDK,西宮,8.6万円
1315,JR,1LDK,さくら夙川,8.5万円
1316,JR,1LDK,芦屋,8.0万円
1317,JR,1LDK,甲南山手,8.4万円
1318,JR,1LDK,摂津本山,7.7万円
1319,JR,1LDK,住吉,7.9万円
1320,JR,1LDK,六甲道,7.7万円
1321,JR,1LDK,摩耶,7.2万円
1322,JR,1LDK,灘,7.8万円
1323,JR,1LDK,三ノ宮,9.8万円
1324,JR,1LDK,元町,9.4万円
1325,JR,1LDK,神戸,8.0万円
1326,JR,1LDK,京橋,8.9万円
1327,JR,1LDK,鴫野,7.1万円
1328,JR,1LDK,放出,6.7万円
1329,JR,1LDK,徳庵,6.5万円
1330,JR,1LDK,鴻池新田,5.8万円
1331,JR,1LDK,住道,5.3万円
1332,JR,1LDK,野崎,5.2万円
1333,JR,1LDK,四条畷,5.0万円
1334,JR,1LDK,忍ケ丘,5.2万円
1335,JR,1LDK,寝屋川公園,5.5万円
1336,JR,1LDK,星田,5.4万円
1337,JR,1LDK,河内磐船,6.0万円
1338,JR,1LDK,津田,5.6万円
1339,JR,1LDK,藤阪,6.0万円
1340,JR,1LDK,長尾,5.5万円
1341,JR,1LDK,松井山手,4.8万円
1342,JR,1LDK,大住,5.2万円
1343,JR,1LDK,京田辺,6.5万円
1344,JR,1LDK,同志社前,6.5万円
1345,JR,1LDK,JR三山木,6.7万円
1346,JR,1LDK,下狛,5.3万円
1347,JR,1LDK,祝園,-
1348,JR,1LDK,西木津,5.0万円
1349,JR,1LDK,木津,5.9万円
1350,JR,1LDK,西九条,8.3万円
1351,JR,1LDK,安治川口,5.8万円
1352,JR,1LDK,ユニバーサルシティ,7.5万円
1353,JR,1LDK,桜島,6.9万円
1354,JR,1LDK,JR難波,10.1万円
1355,JR,1LDK,今宮,9.7万円
1356,JR,1LDK,新今宮,8.3万円
1357,JR,1LDK,天王寺,8.4万円
1358,JR,1LDK,東部市場前,6.9万円
1359,JR,1LDK,平野,6.0万円
1360,JR,1LDK,加美,6.0万円
1361,JR,1LDK,久宝寺,6.2万円
1362,JR,1LDK,八尾,6.0万円
1363,JR,1LDK,志紀,4.3万円
1364,JR,1LDK,柏原,5.5万円
1365,JR,1LDK,高井田,4.5万円
1366,JR,1LDK,河内堅上,3.9万円
1367,JR,1LDK,三郷,4.4万円
1368,JR,1LDK,王寺,4.5万円
1369,JR,1LDK,法隆寺,5.1万円
1370,JR,1LDK,大和小泉,4.5万円
1371,JR,1LDK,郡山,4.7万円
1372,JR,1LDK,奈良,6.6万円
1373,JR,1LDK,平城山,4.9万円
1374,JR,1LDK,木津,5.9万円
1375,JR,1LDK,加茂,4.9万円
1376,JR,1LDK,笠置,4.7万円
1377,JR,1LDK,大河原,4.7万円
1378,JR,1LDK,月ケ瀬口,4.7万円
1379,JR,1LDK,天王寺,8.4万円
1380,JR,1LDK,美章園,7.7万円
1381,JR,1LDK,南田辺,7.2万円
1382,JR,1LDK,鶴ケ丘,7.3万円
1383,JR,1LDK,JR長居,6.5万円
1384,JR,1LDK,我孫子町,6.0万円
1385,JR,1LDK,杉本町,6.7万円
1386,JR,1LDK,浅香,7.4万円
1387,JR,1LDK,堺市,7.8万円
1388,JR,1LDK,三国ケ丘,7.4万円
1389,JR,1LDK,百舌鳥,6.7万円
1390,JR,1LDK,上野芝,6.3万円
1391,JR,1LDK,津久野,5.7万円
1392,JR,1LDK,鳳,5.6万円
1393,JR,1LDK,東羽衣,5.8万円
1394,JR,1LDK,富木,5.3万円
1395,JR,1LDK,北信太,4.5万円
1396,JR,1LDK,信太山,5.3万円
1397,JR,1LDK,和泉府中,5.6万円
1398,JR,1LDK,久米田,4.5万円
1399,JR,1LDK,下松,4.5万円
1400,JR,1LDK,東岸和田,4.5万円
1401,JR,1LDK,東貝塚,4.7万円
1402,JR,1LDK,和泉橋本,4.8万円
1403,JR,1LDK,東佐野,6.2万円
1404,JR,1LDK,熊取,5.3万円
1405,JR,1LDK,日根野,5.5万円
1406,JR,1LDK,長滝,6.4万円
1407,JR,1LDK,新家,3.7万円
1408,JR,1LDK,和泉砂川,3.9万円
1409,JR,1LDK,和泉鳥取,4.5万円
1410,JR,1LDK,山中渓,4.1万円
1411,JR,1LDK,紀伊,3.5万円
1412,JR,1LDK,六十谷,3.8万円
1413,JR,1LDK,紀伊中ノ島,4.7万円
1414,JR,1LDK,和歌山,5.5万円
1415,JR,1LDK,日根野,5.5万円
1416,JR,1LDK,りんくうタウン,5.7万円
1417,JR,1LDK,大阪,11.1万円
1418,JR,1LDK,尼崎,7.6万円
1419,JR,1LDK,JR塚口,7.2万円
1420,JR,1LDK,猪名寺,6.3万円
1421,JR,1LDK,伊丹,6.5万円
1422,JR,1LDK,北伊丹,6.0万円
1423,JR,1LDK,川西池田,7.4万円
1424,JR,1LDK,中山寺,6.0万円
1425,JR,1LDK,宝塚,6.8万円
1426,JR,1LDK,生瀬,5.5万円
1427,JR,1LDK,西宮名塩,5.0万円
1428,JR,1LDK,武田尾,5.2万円
1429,JR,1LDK,道場,4.7万円
1430,JR,1LDK,三田,6.0万円
1431,JR,1LDK,新三田,5.2万円
1432,JR,1LDK,広野,4.6万円
1433,JR,1LDK,相野,5.2万円
1434,JR,1LDK,藍本,4.7万円
1435,JR,1LDK,草野,4.7万円
1436,JR,1LDK,古市,4.7万円
1437,JR,1LDK,南矢代,4.9万円
1438,JR,1LDK,篠山口,5.3万円
1439,JR,1LDK,丹波大山,4.9万円
1440,JR,1LDK,下滝,4.7万円
1441,JR,1LDK,谷川,4.2万円
1442,JR,1LDK,柏原,4.0万円
1443,JR,1LDK,石生,4.1万円
1444,JR,1LDK,黒井,4.1万円
1445,JR,1LDK,市島,4.4万円
1446,JR,1LDK,丹波竹田,4.3万円
1447,JR,1LDK,福知山,6.4万円
1448,JR,1LDK,JR尼崎,7.6万円
1449,JR,1LDK,加島,7.7万円
1450,JR,1LDK,御幣島,7.9万円
1451,JR,1LDK,海老江,10.0万円
1452,JR,1LDK,新福島,11.5万円
1453,JR,1LDK,北新地,13.6万円
1454,JR,1LDK,大阪天満宮,10.1万円
1455,JR,1LDK,大阪城北詰,9.5万円
1456,JR,1LDK,京橋,8.9万円
1457,JR,1LDK,大阪,11.1万円
1458,JR,1LDK,新大阪,8.7万円
1459,JR,1LDK,南吹田,9.0万円
1460,JR,1LDK,JR淡路,6.5万円
1461,JR,1LDK,城北公園通,8.1万円
1462,JR,1LDK,JR野江,8.3万円
1463,JR,1LDK,鴫野,7.1万円
1464,JR,1LDK,放出,6.7万円
1465,JR,1LDK,高井田中央,6.9万円
1466,JR,1LDK,JR河内永和,7.2万円
1467,JR,1LDK,JR俊徳道,7.1万円
1468,JR,1LDK,JR長瀬,6.9万円
1469,JR,1LDK,衣摺加美北,6.3万円
1470,JR,1LDK,新加美,5.8万円
1471,JR,1LDK,久宝寺,6.2万円
1472,JR,1LDK,米原,7.3万円
1473,JR,1LDK,京都,8.5万円
1474,JR,1LDK,新大阪,8.7万円
1475,KT,1LDK,大阪上本町,9.7万円
1476,KT,1LDK,鶴橋,8.0万円
1477,KT,1LDK,今里,6.8万円
1478,KT,1LDK,布施,7.5万円
1479,KT,1LDK,俊徳道,7.1万円
1480,KT,1LDK,長瀬,6.4万円
1481,KT,1LDK,弥刀,6.3万円
1482,KT,1LDK,久宝寺口,6.3万円
1483,KT,1LDK,近鉄八尾,6.0万円
1484,KT,1LDK,河内山本,5.5万円
1485,KT,1LDK,高安,5.2万円
1486,KT,1LDK,恩智,4.8万円
1487,KT,1LDK,法善寺,5.0万円
1488,KT,1LDK,堅下,5.0万円
1489,KT,1LDK,安堂,5.7万円
1490,KT,1LDK,河内国分,4.4万円
1491,KT,1LDK,大阪教育大前,4.5万円
1492,KT,1LDK,関屋,3.0万円
1493,KT,1LDK,二上,5.1万円
1494,KT,1LDK,近鉄下田,5.5万円
1495,KT,1LDK,五位堂,5.6万円
1496,KT,1LDK,築山,4.8万円
1497,KT,1LDK,大和高田,6.2万円
1498,KT,1LDK,松塚,4.0万円
1499,KT,1LDK,真菅,4.6万円
1500,KT,1LDK,大和八木,7.2万円
1501,KT,1LDK,耳成,5.1万円
1502,KT,1LDK,大福,4.3万円
1503,KT,1LDK,桜井,4.0万円
1504,KT,1LDK,大和朝倉,4.3万円
1505,KT,1LDK,長谷寺,3.5万円
1506,KT,1LDK,榛原,4.0万円
1507,KT,1LDK,室生口大野,4.8万円
1508,KT,1LDK,三本松,4.2万円
1509,KT,1LDK,大阪上本町,9.7万円
1510,KT,1LDK,鶴橋,8.0万円
1511,KT,1LDK,今里,6.8万円
1512,KT,1LDK,布施,7.5万円
1513,KT,1LDK,河内永和,7.0万円
1514,KT,1LDK,河内小阪,6.7万円
1515,KT,1LDK,八戸ノ里,6.2万円
1516,KT,1LDK,若江岩田,6.5万円
1517,KT,1LDK,河内花園,5.5万円
1518,KT,1LDK,東花園,5.5万円
1519,KT,1LDK,瓢箪山,5.2万円
1520,KT,1LDK,枚岡,5.0万円
1521,KT,1LDK,額田,4.9万円
1522,KT,1LDK,石切,5.0万円
1523,KT,1LDK,生駒,7.5万円
1524,KT,1LDK,東生駒,5.5万円
1525,KT,1LDK,富雄,4.9万円
1526,KT,1LDK,学園前,5.2万円
1527,KT,1LDK,菖蒲池,8.4万円
1528,KT,1LDK,大和西大寺,8.1万円
1529,KT,1LDK,新大宮,7.1万円
1530,KT,1LDK,近鉄奈良,6.6万円
1531,KT,1LDK,大阪阿部野橋,8.2万円
1532,KT,1LDK,河堀口,7.6万円
1533,KT,1LDK,北田辺,7.7万円
1534,KT,1LDK,今川,6.0万円
1535,KT,1LDK,針中野,5.9万円
1536,KT,1LDK,矢田,5.7万円
1537,KT,1LDK,河内天美,5.5万円
1538,KT,1LDK,布忍,5.6万円
1539,KT,1LDK,高見ノ里,5.8万円
1540,KT,1LDK,河内松原,5.8万円
1541,KT,1LDK,恵我ノ荘,5.4万円
1542,KT,1LDK,高鷲,5.2万円
1543,KT,1LDK,藤井寺,5.2万円
1544,KT,1LDK,土師ノ里,5.0万円
1545,KT,1LDK,道明寺,4.6万円
1546,KT,1LDK,古市,5.0万円
1547,KT,1LDK,駒ケ谷,5.0万円
1548,KT,1LDK,上ノ太子,4.9万円
1549,KT,1LDK,二上山,5.1万円
1550,KT,1LDK,二上神社口,3.5万円
1551,KT,1LDK,当麻寺,4.4万円
1552,KT,1LDK,磐城,4.5万円
1553,KT,1LDK,尺土,4.6万円
1554,KT,1LDK,高田市,3.6万円
1555,KT,1LDK,浮孔,3.3万円
1556,KT,1LDK,坊城,4.5万円
1557,KT,1LDK,橿原神宮西口,4.6万円
1558,KT,1LDK,橿原神宮前,4.9万円
1559,Metro,1LDK,江坂,9.4万円
1560,Metro,1LDK,東三国,8.9万円
1561,Metro,1LDK,新大阪,8.7万円
1562,Metro,1LDK,西中島南方,8.5万円
1563,Metro,1LDK,中津,10.7万円
1564,Metro,1LDK,梅田,11.5万円
1565,Metro,1LDK,淀屋橋,13.0万円
1566,Metro,1LDK,本町,11.6万円
1567,Metro,1LDK,心斎橋,11.1万円
1568,Metro,1LDK,なんば,9.8万円
1569,Metro,1LDK,大国町,9.4万円
1570,Metro,1LDK,動物園前,8.0万円
1571,Metro,1LDK,天王寺,8.0万円
1572,Metro,1LDK,昭和町,8.0万円
1573,Metro,1LDK,西田辺,7.7万円
1574,Metro,1LDK,長居,6.2万円
1575,Metro,1LDK,あびこ,6.2万円
1576,Metro,1LDK,北花田,6.9万円
1577,Metro,1LDK,新金岡,7.5万円
1578,Metro,1LDK,なかもず,7.3万円
1579,Metro,1LDK,大日,5.7万円
1580,Metro,1LDK,守口,6.9万円
1581,Metro,1LDK,太子橋今市,6.7万円
1582,Metro,1LDK,千林大宮,7.6万円
1583,Metro,1LDK,関目高殿,8.1万円
1584,Metro,1LDK,野江内代,8.0万円
1585,Metro,1LDK,都島,8.2万円
1586,Metro,1LDK,天神橋筋六丁目,10.5万円
1587,Metro,1LDK,中崎町,10.8万円
1588,Metro,1LDK,東梅田,11.5万円
1589,Metro,1LDK,南森町,10.2万円
1590,Metro,1LDK,天満橋,11.1万円
1591,Metro,1LDK,谷町四丁目,11.2万円
1592,Metro,1LDK,谷町六丁目,10.3万円
1593,Metro,1LDK,谷町九丁目,9.7万円
1594,Metro,1LDK,四天王寺前夕陽ケ丘,8.7万円
1595,Metro,1LDK,天王寺,8.0万円
1596,Metro,1LDK,阿倍野,8.0万円
1597,Metro,1LDK,文の里,7.9万円
1598,Metro,1LDK,田辺,7.0万円
1599,Metro,1LDK,駒川中野,6.0万円
1600,Metro,1LDK,平野,5.8万円
1601,Metro,1LDK,喜連瓜破,5.5万円
1602,Metro,1LDK,出戸,5.7万円
1603,Metro,1LDK,長原,5.7万円
1604,Metro,1LDK,八尾南,5.5万円
1605,Metro,1LDK,西梅田,15.1万円
1606,Metro,1LDK,肥後橋,11.8万円
1607,Metro,1LDK,本町,11.6万円
1608,Metro,1LDK,四ツ橋,11.1万円
1609,Metro,1LDK,なんば,9.8万円
1610,Metro,1LDK,大国町,9.4万円
1611,Metro,1LDK,花園町,7.0万円
1612,Metro,1LDK,岸里,6.2万円
1613,Metro,1LDK,玉出,6.0万円
1614,Metro,1LDK,北加賀屋,5.8万円
1615,Metro,1LDK,住之江公園,6.1万円
1616,Metro,1LDK,住之江公園,6.1万円
1617,Metro,1LDK,平林,5.9万円
1618,Metro,1LDK,南港口,5.2万円
1619,Metro,1LDK,南港東,-
1620,Metro,1LDK,フェリーターミナル,-
1621,Metro,1LDK,ポートタウン東,5.3万円
1622,Metro,1LDK,ポートタウン西,5.3万円
1623,Metro,1LDK,中ふ頭,5.3万円
1624,Metro,1LDK,トレードセンター前,10.9万円
1625,Metro,1LDK,コスモスクエア,8.2万円
1626,Metro,1LDK,夢洲,-
1627,Metro,1LDK,コスモスクエア,8.2万円
1628,Metro,1LDK,大阪港,6.8万円
1629,Metro,1LDK,朝潮橋,7.0万円
1630,Metro,1LDK,弁天町,8.6万円
1631,Metro,1LDK,九条,8.5万円
1632,Metro,1LDK,阿波座,10.9万円
1633,Metro,1LDK,本町,11.6万円
1634,Metro,1LDK,堺筋本町,11.4万円
1635,Metro,1LDK,谷町四丁目,11.2万円
1636,Metro,1LDK,森ノ宮,8.5万円
1637,Metro,1LDK,緑橋,7.7万円
1638,Metro,1LDK,深江橋,7.0万円
1639,Metro,1LDK,高井田,7.0万円
1640,Metro,1LDK,長田,7.0万円
1641,Metro,1LDK,野田阪神,10.1万円
1642,Metro,1LDK,玉川,9.6万円
1643,Metro,1LDK,阿波座,10.9万円
1644,Metro,1LDK,西長堀,10.1万円
1645,Metro,1LDK,桜川,9.9万円
1646,Metro,1LDK,なんば,9.8万円
1647,Metro,1LDK,日本橋,9.1万円
1648,Metro,1LDK,谷町九丁目,9.7万円
1649,Metro,1LDK,鶴橋,9.0万円
1650,Metro,1LDK,今里,7.5万円
1651,Metro,1LDK,新深江,7.3万円
1652,Metro,1LDK,小路,7.0万円
1653,Metro,1LDK,北巽,6.7万円
1654,Metro,1LDK,南巽,6.2万円
1655,Metro,1LDK,天神橋筋六丁目,10.5万円
1656,Metro,1LDK,扇町,10.5万円
1657,Metro,1LDK,南森町,10.2万円
1658,Metro,1LDK,北浜,11.8万円
1659,Metro,1LDK,堺筋本町,11.4万円
1660,Metro,1LDK,長堀橋,11.0万円
1661,Metro,1LDK,日本橋,9.1万円
1662,Metro,1LDK,恵美須町,8.8万円
1663,Metro,1LDK,動物園前,8.0万円
1664,Metro,1LDK,天下茶屋,6.6万円
1665,Metro,1LDK,大正,6.8万円
1666,Metro,1LDK,ドーム前千代崎,9.0万円
1667,Metro,1LDK,西長堀,10.1万円
1668,Metro,1LDK,西大橋,10.8万円
1669,Metro,1LDK,心斎橋,11.1万円
1670,Metro,1LDK,長堀橋,11.0万円
1671,Metro,1LDK,松屋町,10.8万円
1672,Metro,1LDK,谷町六丁目,10.3万円
1673,Metro,1LDK,玉造,9.2万円
1674,Metro,1LDK,森ノ宮,8.5万円
1675,Metro,1LDK,大阪ビジネスパーク,9.8万円
1676,Metro,1LDK,京橋,9.1万円
1677,Metro,1LDK,蒲生四丁目,7.9万円
1678,Metro,1LDK,今福鶴見,7.2万円
1679,Metro,1LDK,横堤,7.3万円
1680,Metro,1LDK,鶴見緑地,6.6万円
1681,Metro,1LDK,門真南,5.7万円
1682,Metro,1LDK,井高野,5.8万円
1683,Metro,1LDK,瑞光四丁目,6.1万円
1684,Metro,1LDK,だいどう豊里,6.0万円
1685,Metro,1LDK,太子橋今市,6.7万円
1686,Metro,1LDK,清水,6.5万円
1687,Metro,1LDK,新森古市,7.4万円
1688,Metro,1LDK,関目成育,7.6万円
1689,Metro,1LDK,蒲生四丁目,7.9万円
1690,Metro,1LDK,鴫野,7.2万円
1691,Metro,1LDK,緑橋,7.7万円
1692,Metro,1LDK,今里,7.5万円
1693,NK,1LDK,南海難波,9.5万円
1694,NK,1LDK,新今宮,8.4万円
1695,NK,1LDK,天下茶屋,6.7万円
1696,NK,1LDK,岸里玉出,6.1万円
1697,NK,1LDK,粉浜,6.0万円
1698,NK,1LDK,住吉大社,6.0万円
1699,NK,1LDK,住ノ江,6.3万円
1700,NK,1LDK,七道,6.8万円
1701,NK,1LDK,堺,6.8万円
1702,NK,1LDK,湊,6.1万円
1703,NK,1LDK,石津川,5.8万円
1704,NK,1LDK,諏訪ノ森,5.8万円
1705,NK,1LDK,浜寺公園,5.7万円
1706,NK,1LDK,羽衣,5.9万円
1707,NK,1LDK,高石,5.0万円
1708,NK,1LDK,北助松,5.0万円
1709,NK,1LDK,松ノ浜,6.4万円
1710,NK,1LDK,泉大津,6.3万円
1711,NK,1LDK,忠岡,5.0万円
1712,NK,1LDK,春木,4.6万円
1713,NK,1LDK,和泉大宮,4.7万円
1714,NK,1LDK,岸和田,5.0万円
1715,NK,1LDK,蛸地蔵,4.6万円
1716,NK,1LDK,貝塚,4.9万円
1717,NK,1LDK,二色浜,4.9万円
1718,NK,1LDK,鶴原,5.6万円
1719,NK,1LDK,井原里,5.4万円
1720,NK,1LDK,泉佐野,5.5万円
1721,NK,1LDK,羽倉崎,5.0万円
1722,NK,1LDK,吉見ノ里,3.8万円
1723,NK,1LDK,岡田浦,3.7万円
1724,NK,1LDK,樽井,4.5万円
1725,NK,1LDK,尾崎,4.5万円
1726,NK,1LDK,鳥取ノ荘,4.4万円
1727,NK,1LDK,箱作,4.3万円
1728,NK,1LDK,淡輪,4.3万円
1729,NK,1LDK,みさき公園,3.6万円
1730,NK,1LDK,孝子,4.7万円
1731,NK,1LDK,和歌山大学前,3.4万円
1732,NK,1LDK,紀ノ川,3.8万円
1733,NK,1LDK,和歌山市,5.5万円
1734,HK,1LDK,大阪梅田,11.6万円
1735,HK,1LDK,中津,10.0万円
1736,HK,1LDK,十三,7.8万円
1737,HK,1LDK,神崎川,7.3万円
1738,HK,1LDK,園田,6.5万円
1739,HK,1LDK,塚口,7.0万円
1740,HK,1LDK,武庫之荘,6.5万円
1741,HK,1LDK,西宮北口,8.7万円
1742,HK,1LDK,夙川,8.5万円
1743,HK,1LDK,芦屋川,8.5万円
1744,HK,1LDK,岡本,7.9万円
1745,HK,1LDK,御影,7.6万円
1746,HK,1LDK,六甲,7.8万円
1747,HK,1LDK,王子公園,7.2万円
1748,HK,1LDK,春日野道,8.4万円
1749,HK,1LDK,神戸三宮,10.3万円
1750,HK,1LDK,大阪梅田,11.6万円
1751,HK,1LDK,中津,10.0万円
1752,HK,1LDK,十三,7.8万円
1753,HK,1LDK,三国,8.2万円
1754,HK,1LDK,庄内,7.4万円
1755,HK,1LDK,服部天神,7.5万円
1756,HK,1LDK,曽根,7.2万円
1757,HK,1LDK,岡町,7.5万円
1758,HK,1LDK,豊中,7.3万円
1759,HK,1LDK,蛍池,7.2万円
1760,HK,1LDK,石橋阪大前,6.9万円
1761,HK,1LDK,池田,7.4万円
1762,HK,1LDK,川西能勢口,7.5万円
1763,HK,1LDK,雲雀丘花屋敷,7.4万円
1764,HK,1LDK,山本,6.5万円
1765,HK,1LDK,中山観音,5.9万円
1766,HK,1LDK,売布神社,5.5万円
1767,HK,1LDK,清荒神,6.0万円
1768,HK,1LDK,宝塚,6.9万円
1769,HK,1LDK,石橋阪大前,6.9万円
1770,HK,1LDK,桜井,6.5万円
1771,HK,1LDK,牧落,6.0万円
1772,HK,1LDK,箕面,6.5万円
1773,HK,1LDK,天神橋筋六丁目,10.5万円
1774,HK,1LDK,柴島,7.6万円
1775,HK,1LDK,淡路,6.5万円
1776,HK,1LDK,下新庄,6.5万円
1777,HK,1LDK,吹田,8.5万円
1778,HK,1LDK,豊津,9.3万円
1779,HK,1LDK,関大前,8.9万円
1780,HK,1LDK,千里山,8.0万円
1781,HK,1LDK,南千里,6.8万円
1782,HK,1LDK,山田,7.0万円
1783,HK,1LDK,北千里,6.9万円
1784,HK,1LDK,大阪梅田,11.6万円
1785,HK,1LDK,十三,7.8万円
1786,HK,1LDK,南方,8.8万円
1787,HK,1LDK,崇禅寺,7.5万円
1788,HK,1LDK,淡路,6.5万円
1789,HK,1LDK,上新庄,6.1万円
1790,HK,1LDK,相川,7.5万円
1791,HK,1LDK,正雀,7.7万円
1792,HK,1LDK,摂津市,7.6万円
1793,HK,1LDK,南茨木,7.4万円
1794,HK,1LDK,茨木市,7.8万円
1795,HK,1LDK,総持寺,6.8万円
1796,HK,1LDK,富田,6.4万円
1797,HK,1LDK,高槻市,7.2万円
1798,HK,1LDK,上牧,7.9万円
1799,HK,1LDK,水無瀬,8.0万円
1800,HK,1LDK,大山崎,6.5万円
1801,HK,1LDK,西山天王山,6.5万円
1802,HK,1LDK,長岡天神,6.3万円
1803,HK,1LDK,西向日,6.3万円
1804,HK,1LDK,東向日,6.7万円
1805,HK,1LDK,洛西口,7.0万円
1806,HK,1LDK,桂,6.8万円
1807,HK,1LDK,西京極,7.2万円
1808,HK,1LDK,西院,7.9万円
1809,HK,1LDK,大宮,9.5万円
1810,HK,1LDK,烏丸,11.0万円
1811,HK,1LDK,京都河原町,10.1万円
1812,KH,1LDK,淀屋橋,14.3万円
1813,KH,1LDK,北浜,11.4万円
1814,KH,1LDK,天満橋,10.7万円
1815,KH,1LDK,京橋,9.3万円
1816,KH,1LDK,野江,8.1万円
1817,KH,1LDK,関目,7.4万円
1818,KH,1LDK,森小路,7.6万円
1819,KH,1LDK,千林,6.7万円
1820,KH,1LDK,滝井,6.9万円
1821,KH,1LDK,土居,6.9万円
1822,KH,1LDK,守口市,7.0万円
1823,KH,1LDK,西三荘,6.8万円
1824,KH,1LDK,門真市,6.0万円
1825,KH,1LDK,古川橋,5.5万円
1826,KH,1LDK,大和田,5.2万円
1827,KH,1LDK,萱島,5.0万円
1828,KH,1LDK,寝屋川市,5.0万円
1829,KH,1LDK,香里園,5.2万円
1830,KH,1LDK,光善寺,5.5万円
1831,KH,1LDK,枚方公園,6.5万円
1832,KH,1LDK,枚方市,6.0万円
1833,KH,1LDK,御殿山,5.7万円
1834,KH,1LDK,牧野,5.8万円
1835,KH,1LDK,樟葉,5.0万円
1836,KH,1LDK,橋本,5.1万円
1837,KH,1LDK,石清水八幡宮,4.7万円
1838,KH,1LDK,淀,5.5万円
1839,KH,1LDK,中書島,6.5万円
1840,KH,1LDK,伏見桃山,7.0万円
1841,KH,1LDK,丹波橋,6.9万円
1842,KH,1LDK,墨染,6.7万円
1843,KH,1LDK,藤森,6.5万円
1844,KH,1LDK,龍谷大前深草,6.6万円
1845,KH,1LDK,伏見稲荷,6.7万円
1846,KH,1LDK,鳥羽街道,5.9万円
1847,KH,1LDK,東福寺,6.4万円
1848,KH,1LDK,七条,9.0万円
1849,KH,1LDK,清水五条,9.8万円
1850,KH,1LDK,祇園四条,9.8万円
1851,KH,1LDK,三条,10.0万円
1852,HS,1LDK,大阪梅田,14.5万円
1853,HS,1LDK,福島,11.1万円
1854,HS,1LDK,野田,9.9万円
1855,HS,1LDK,淀川,9.1万円
1856,HS,1LDK,姫島,7.5万円
1857,HS,1LDK,千船,7.3万円
1858,HS,1LDK,杭瀬,7.2万円
1859,HS,1LDK,大物,7.1万円
1860,HS,1LDK,尼崎,7.0万円
1861,HS,1LDK,出屋敷,6.9万円
1862,HS,1LDK,尼崎センタープール前,6.8万円
1863,HS,1LDK,武庫川,7.4万円
1864,HS,1LDK,鳴尾・武庫川女子大前,8.3万円
1865,HS,1LDK,甲子園,8.1万円
1866,HS,1LDK,久寿川,7.8万円
1867,HS,1LDK,今津,8.7万円
1868,HS,1LDK,西宮,8.1万円
1869,HS,1LDK,香櫨園,8.4万円
1870,HS,1LDK,打出,7.5万円
1871,HS,1LDK,芦屋,8.0万円
1872,HS,1LDK,深江,7.8万円
1873,HS,1LDK,青木,7.2万円
1874,HS,1LDK,魚崎,6.6万円
1875,HS,1LDK,住吉,7.2万円
1876,HS,1LDK,御影,8.2万円
1877,HS,1LDK,石屋川,7.5万円
1878,HS,1LDK,新在家,7.8万円
1879,HS,1LDK,大石,7.5万円
1880,HS,1LDK,西灘,7.5万円
1881,HS,1LDK,岩屋,8.4万円
1882,HS,1LDK,春日野道,8.3万円
1883,HS,1LDK,神戸三宮,10.6万円
1884,HS,1LDK,元町,10.4万円
1885,HS,1LDK,尼崎,7.0万円
1886,HS,1LDK,大物,7.1万円
1887,HS,1LDK,出来島,6.6万円
1888,HS,1LDK,福,6.6万円
1889,HS,1LDK,伝法,6.0万円
1890,HS,1LDK,千鳥橋,6.5万円
1891,HS,1LDK,西九条,8.3万円
1892,HS,1LDK,九条,8.0万円
1893,HS,1LDK,ドーム前,6.8万円
1894,HS,1LDK,桜川,9.9万円
1895,HS,1LDK,大阪難波,11.0万円
